{
	"$schema": "./node_modules/@biomejs/biome/configuration_schema.json",
	"assist": {
		"actions": {
			"recommended": true,
			"source": {
				"recommended": true
			}
		},
		"enabled": true
	},
	"files": {
		"includes": [
			"src/**/*.{js,jsx,ts,tsx}",
			"messages/*.{json}",
			"!**/node_modules",
			"!**/.next"
		]
	},
	"formatter": {
		"enabled": true,
		"includes": ["src/**/*.{js,jsx,ts,tsx}", "messages/*.{json}"],
		"indentStyle": "tab",
		"indentWidth": 2
	},
	"linter": {
		"domains": {
			"next": "all",
			"project": "recommended",
			"react": "recommended",
			"tailwind": "all"
		},
		"enabled": true,
		"includes": [
			"src/**/*.{js,jsx,ts,tsx}",
			"!src/app/\\[locale\\]/(app)/test",
			"!**/node_modules",
			"!**/.next",
			"!**/*.test.tsx",
			"!**/*.test.ts",
			"!**/test/**"
		],
		"rules": {
			"a11y": {
				"noSvgWithoutTitle": "off",
				"useKeyWithClickEvents": "off",
				"useSemanticElements": "warn"
			},
			"complexity": {
				"noAdjacentSpacesInRegex": "error",
				"noBannedTypes": "error",
				"noExtraBooleanCast": "error",
				"noUselessCatch": "error",
				"noUselessTypeConstraint": "error"
			},
			"correctness": {
				"noChildrenProp": "error",
				"noConstantCondition": "error",
				"noConstAssign": "error",
				"noEmptyCharacterClassInRegex": "error",
				"noEmptyPattern": "error",
				"noGlobalObjectCalls": "error",
				"noInnerDeclarations": "error",
				"noInvalidBuiltinInstantiation": "error",
				"noInvalidConstructorSuper": "error",
				"noNonoctalDecimalEscape": "error",
				"noPrecisionLoss": "error",
				"noSelfAssign": "error",
				"noSetterReturn": "error",
				"noSwitchDeclarations": "error",
				"noUndeclaredVariables": "error",
				"noUnreachable": "error",
				"noUnreachableSuper": "error",
				"noUnsafeFinally": "error",
				"noUnsafeOptionalChaining": "error",
				"noUnusedImports": "warn",
				"noUnusedLabels": "error",
				"noUnusedVariables": "warn",
				"useExhaustiveDependencies": "warn",
				"useHookAtTopLevel": "error",
				"useIsNan": "error",
				"useJsxKeyInIterable": "error",
				"useUniqueElementIds": "off",
				"useValidForDirection": "error",
				"useValidTypeof": "error",
				"useYield": "error"
			},
			"nursery": {
				"recommended": true
			},
			"performance": {
				"noBarrelFile": "error",
				"recommended": true
			},
			"recommended": true,
			"security": {
				"noDangerouslySetInnerHtml": "off"
			},
			"style": {
				"noInferrableTypes": "error",
				"noNamespace": "error",
				"noParameterAssign": "error",
				"noUnusedTemplateLiteral": "error",
				"noUselessElse": "error",
				"recommended": true,
				"useAsConstAssertion": "error",
				"useConst": "error",
				"useDefaultParameterLast": "warn",
				"useEnumInitializers": "error",
				"useNumberNamespace": "error",
				"useSelfClosingElements": "warn",
				"useShorthandFunctionType": "error",
				"useSingleVarDeclarator": "error",
				"useTemplate": "error"
			},
			"suspicious": {
				"noAsyncPromiseExecutor": "error",
				"noCatchAssign": "error",
				"noClassAssign": "error",
				"noCommentText": "error",
				"noCompareNegZero": "error",
				"noControlCharactersInRegex": "error",
				"noDebugger": "error",
				"noDoubleEquals": "error",
				"noDuplicateCase": "error",
				"noDuplicateClassMembers": "error",
				"noDuplicateJsxProps": "error",
				"noDuplicateObjectKeys": "error",
				"noDuplicateParameters": "error",
				"noEmptyBlockStatements": "error",
				"noExplicitAny": "error",
				"noExtraNonNullAssertion": "error",
				"noFallthroughSwitchClause": "error",
				"noFunctionAssign": "error",
				"noGlobalAssign": "error",
				"noImportAssign": "error",
				"noMisleadingCharacterClass": "error",
				"noMisleadingInstantiator": "error",
				"noPrototypeBuiltins": "error",
				"noRedeclare": "error",
				"noShadowRestrictedNames": "error",
				"noUnsafeDeclarationMerging": "error",
				"noUnsafeNegation": "error",
				"noWith": "error",
				"recommended": true,
				"useGetterReturn": "error"
			}
		}
	},
	"vcs": {
		"clientKind": "git",
		"enabled": true,
		"useIgnoreFile": true
	}
}